-- CREATE DATABASE  IF NOT EXISTS `lmsfc` /*!40100 DEFAULT CHARACTER SET utf8 */;
USE `lmsfc`;
-- MySQL dump 10.13  Distrib 5.6.19, for osx10.7 (i386)
--
-- Host: 127.0.0.1    Database: lmsfc
-- ------------------------------------------------------
-- Server version	5.6.20


INSERT INTO `tbl_article_category` VALUES 
('402868cf4c364e2d014c364e37bd0010','SYSTEM','2015-03-20 16:30:38','SYSTEM','2015-03-20 16:30:38',0,'Java基础','java1','A',2),
('402868cf4c364e2d014c364e37bd0011','SYSTEM','2015-03-20 16:30:38','SYSTEM','2015-03-20 16:30:38',0,'Java进阶','java2','A',3),
('402868cf4c364e2d014c364e37bd0012','SYSTEM','2015-03-20 16:30:38','SYSTEM','2015-03-20 16:30:38',0,'JavaEE基础','javaee1','A',4),
('402868cf4c364e2d014c364e37bd0013','SYSTEM','2015-03-20 16:30:38','SYSTEM','2015-03-20 16:30:38',0,'JavaEE进阶','javaee2','A',5),
('402868cf4c364e2d014c364e37bd0014','SYSTEM','2015-03-20 16:30:38','SYSTEM','2015-03-20 16:30:38',0,'Spring','spring','A',6),
('402868cf4c364e2d014c364e37bd0015','SYSTEM','2015-03-20 16:30:38','SYSTEM','2015-03-20 16:30:38',0,'Hibernate/MyBatis','hibmyb','A',7),
('402868cf4c364e2d014c364e37bd0016','SYSTEM','2015-03-20 16:30:38','SYSTEM','2015-03-20 16:30:38',0,'MySQL','mysql','A',8),
('402868cf4c364e2d014c364e37bd0017','SYSTEM','2015-03-20 16:30:38','SYSTEM','2015-03-20 16:30:38',0,'Web前段','web1','A',9),
('402868cf4c364e2d014c364e37bd0018','SYSTEM','2015-03-20 16:30:38','SYSTEM','2015-03-20 16:30:38',0,'默认分类','default','A',1),
('402868cf4c364e2d014c364e37bd0019','SYSTEM','2015-03-20 16:30:38','SYSTEM','2015-03-20 16:30:38',0,'Linux','linux','A',10),
('402868cf4c364e2d014c364e37bd001a','SYSTEM','2015-03-20 16:30:38','SYSTEM','2015-03-20 16:30:38',0,'JMS/ActiveMQ','jms','A',11),
('402868cf4c364e2d014c364e37bd001b','SYSTEM','2015-03-20 16:30:38','SYSTEM','2015-03-20 16:30:38',0,'Redis/Memcached','redmem','A',12),
('402868cf4c364e2d014c364e37bd001c','SYSTEM','2015-03-20 16:30:38','SYSTEM','2015-03-20 16:30:38',0,'设计模式','designpattern','A',13),
('402868cf4c364e2d014c364e37bd001d','SYSTEM','2015-03-20 16:30:38','SYSTEM','2015-03-20 16:30:38',0,'WebServer','webserver1','A',14),
('402868cf4c364e2d014c364e37bd001e','SYSTEM','2015-03-20 16:30:38','SYSTEM','2015-03-20 16:30:38',0,'老农感悟','pf','A',17),
('402868cf4c364e2d014c364e37bd001f','SYSTEM','2015-03-20 16:30:38','SYSTEM','2015-03-20 16:30:38',0,'其它','others','A',16),
('402868cf4c364e2d014c364e37bd001g','SYSTEM','2015-03-20 16:30:38','SYSTEM','2015-03-20 16:30:38',0,'安全相关','security','A',15);


INSERT INTO `tbl_filter` VALUES 
('4028819d474d2dbc01474d2dcae00000','SYSTEM','2014-07-19 13:52:32','SYSTEM','2014-07-19 13:52:32',0,'org.htmlparser.filters.AndFilter','[Lorg.htmlparser.NodeFilter;','AndFilter',NULL,'String','Construct'),
('4028819d474d2dbc01474d2dcc750001','SYSTEM','2014-07-19 13:52:32','admin','2015-04-09 14:25:25',0,'org.htmlparser.filters.CssSelectorNodeFilter','java.lang.String','CssSelectorNodeFilter',NULL,'String','Construct'),
('4028819d474d2dbc01474d2dcc7a0002','SYSTEM','2014-07-19 13:52:32','SYSTEM','2014-07-19 13:52:32',0,'org.htmlparser.filters.HasAttributeFilter','java.lang.String,java.lang.String','HasAttributeFilter',NULL,'String','Construct'),
('4028819d474d2dbc01474d2dcc7f0003','SYSTEM','2014-07-19 13:52:32','SYSTEM','2014-07-19 13:52:32',0,'org.htmlparser.filters.HasChildFilter','org.htmlparser.NodeFilter','HasChildFilter',NULL,'Node','Construct'),
('4028819d474d2dbc01474d2dcc840004','SYSTEM','2014-07-19 13:52:32','SYSTEM','2014-07-19 13:52:32',0,'org.htmlparser.filters.HasParentFilter','org.htmlparser.NodeFilter','HasParentFilter',NULL,'Node','Construct'),
('4028819d474d2dbc01474d2dcc880005','SYSTEM','2014-07-19 13:52:32','SYSTEM','2014-07-19 13:52:32',0,'org.htmlparser.filters.HasSiblingFilter','org.htmlparser.NodeFilter','HasSiblingFilter',NULL,'Node','Construct'),
('4028819d474d2dbc01474d2dcc8c0006','SYSTEM','2014-07-19 13:52:32','SYSTEM','2014-07-19 13:52:32',0,'org.htmlparser.filters.IsEqualFilter','org.htmlparser.NodeFilter','IsEqualFilter',NULL,'Node','Construct'),
('4028819d474d2dbc01474d2dcc910007','SYSTEM','2014-07-19 13:52:32','SYSTEM','2014-07-19 13:52:32',0,'org.htmlparser.filters.LinkRegexFilter','java.lang.String','LinkRegexFilter',NULL,'String','Construct'),
('4028819d474d2dbc01474d2dcc970008','SYSTEM','2014-07-19 13:52:32','SYSTEM','2014-07-19 13:52:32',0,'org.htmlparser.filters.LinkStringFilter','java.lang.String','LinkStringFilter',NULL,'String','Construct'),
('4028819d474d2dbc01474d2dcc9c0009','SYSTEM','2014-07-19 13:52:32','SYSTEM','2014-07-19 13:52:32',0,'org.htmlparser.filters.NodeClassFilter','java.lang.Class','NodeClassFilter',NULL,'Class','Construct'),
('4028819d474d2dbc01474d2dcca2000a','SYSTEM','2014-07-19 13:52:32','SYSTEM','2014-07-19 13:52:32',0,'org.htmlparser.filters.NotFilter','org.htmlparser.NodeFilter','NotFilter',NULL,'Node','Construct'),
('4028819d474d2dbc01474d2dcca6000b','SYSTEM','2014-07-19 13:52:32','SYSTEM','2014-07-19 13:52:32',0,'org.htmlparser.filters.OrFilter','[Lorg.htmlparser.NodeFilter;','OrFilter',NULL,'Node','Construct'),
('4028819d474d2dbc01474d2dccab000c','SYSTEM','2014-07-19 13:52:32','SYSTEM','2014-07-19 13:52:32',0,'org.htmlparser.filters.RegexFilter','java.lang.String','RegexFilter',NULL,'String','Construct'),
('4028819d474d2dbc01474d2dccb0000d','SYSTEM','2014-07-19 13:52:32','SYSTEM','2014-07-19 13:52:32',0,'org.htmlparser.filters.StringFilter','java.lang.String','StringFilter',NULL,'String','Construct'),
('4028819d474d2dbc01474d2dccb4000e','SYSTEM','2014-07-19 13:52:32','SYSTEM','2014-07-19 13:52:32',0,'org.htmlparser.filters.TagNameFilter','java.lang.String','TagNameFilter',NULL,'String','Construct');

INSERT INTO `tbl_filter_rule` VALUES 
('402868c34c9c44dd014c9cd3cba70004','admin','2015-04-09 14:17:48','admin','2015-04-09 14:17:48',0,'iteye1','http://*.iteye.com/blog'),
('402868c34c9d3d4c014c9d62a4de0001','admin','2015-04-09 16:53:49','admin','2015-04-09 16:53:49',0,'oschina1','http://www.oschina.net/blog'),
('402868cf4c364e2d014c364e37160000','SYSTEM','2015-03-20 16:30:37','admin','2015-03-30 15:40:59',2,'cnblogs_rule_1','http://www.cnblogs.com'),
('4028818d4c8753ef014c8814ef250000','admin','2015-04-05 13:36:55','admin','2015-04-05 13:36:55',0,'csdn1','http://blog.csdn.net');



ALTER TABLE `tbl_filter_detail` drop CONSTRAINT `FK_8rbks35frlk90snfhx36xb8cj`;

INSERT INTO `tbl_filter_detail` VALUES 
('402868c34c9c44dd014c9cd846590005','admin','2015-04-09 14:22:41','admin','2015-04-09 14:22:41',0,'title','','',1,'4028819d474d2dbc01474d2dcc840004','402868c34c9c44dd014c9cd3cba70004',NULL),
('402868c34c9c44dd014c9ce12ba30006','admin','2015-04-09 14:32:24','admin','2015-04-09 14:32:24',0,'title','','',2,'4028819d474d2dbc01474d2dcae00000','402868c34c9c44dd014c9cd3cba70004','402868c34c9c44dd014c9cd846590005'),
('402868c34c9c44dd014c9ce198480007','admin','2015-04-09 14:32:52','admin','2015-04-09 14:32:52',0,'title','a','',3,'4028819d474d2dbc01474d2dccb4000e','402868c34c9c44dd014c9cd3cba70004','402868c34c9c44dd014c9ce12ba30006'),
('402868c34c9c44dd014c9ce20a520008','admin','2015-04-09 14:33:21','admin','2015-04-09 14:33:21',0,'title','','',3,'4028819d474d2dbc01474d2dcc840004','402868c34c9c44dd014c9cd3cba70004','402868c34c9c44dd014c9ce12ba30006'),
('402868c34c9c44dd014c9ce427920009','admin','2015-04-09 14:35:40','admin','2015-04-09 14:35:40',0,'title','h3','',4,'4028819d474d2dbc01474d2dccb4000e','402868c34c9c44dd014c9cd3cba70004','402868c34c9c44dd014c9ce20a520008'),
('402868c34c9c44dd014c9ce5771d000a','admin','2015-04-09 14:37:06','admin','2015-04-09 14:37:06',0,'content','id','blog_content',1,'4028819d474d2dbc01474d2dcc7a0002','402868c34c9c44dd014c9cd3cba70004',NULL),
('402868c34c9d3d4c014c9d65e82e0002','admin','2015-04-09 16:57:23','admin','2015-04-09 16:57:23',0,'title','','',1,'4028819d474d2dbc01474d2dcc880005','402868c34c9d3d4c014c9d62a4de0001',NULL),
('402868c34c9d3d4c014c9d66e1380003','admin','2015-04-09 16:58:27','admin','2015-04-09 17:14:00',2,'title','class','icon',2,'4028819d474d2dbc01474d2dcc7a0002','402868c34c9d3d4c014c9d62a4de0001','402868c34c9d3d4c014c9d65e82e0002'),
('402868c34c9d3d4c014c9d67b5760004','admin','2015-04-09 16:59:21','admin','2015-04-09 16:59:21',0,'content','class','BlogContent',1,'4028819d474d2dbc01474d2dcc7a0002','402868c34c9d3d4c014c9d62a4de0001',NULL),
('402868cf4c364e2d014c364e37210001','SYSTEM','2015-03-20 16:30:37','SYSTEM','2015-03-20 16:30:37',0,'title',NULL,NULL,1,'4028819d474d2dbc01474d2dcc840004','402868cf4c364e2d014c364e37160000',NULL),
('402868cf4c364e2d014c364e37240002','SYSTEM','2015-03-20 16:30:37','SYSTEM','2015-03-20 16:30:37',0,'title','id','cb_post_title_url',2,'4028819d474d2dbc01474d2dcc7a0002','402868cf4c364e2d014c364e37160000','402868cf4c364e2d014c364e37210001'),
('402868cf4c364e2d014c364e37260003','SYSTEM','2015-03-20 16:30:37','SYSTEM','2015-03-20 16:30:37',0,'content',NULL,NULL,1,'4028819d474d2dbc01474d2dcae00000','402868cf4c364e2d014c364e37160000',NULL),
('402868cf4c364e2d014c364e37270004','SYSTEM','2015-03-20 16:30:37','SYSTEM','2015-03-20 16:30:37',0,'content','div',NULL,2,'4028819d474d2dbc01474d2dccb4000e','402868cf4c364e2d014c364e37160000','402868cf4c364e2d014c364e37260003'),
('402868cf4c364e2d014c364e37290005','SYSTEM','2015-03-20 16:30:37','SYSTEM','2015-03-20 16:30:37',0,'content','class','postBody',2,'4028819d474d2dbc01474d2dcc7a0002','402868cf4c364e2d014c364e37160000','402868cf4c364e2d014c364e37260003'),
('402868cf4c364e2d014c364e372c0006','SYSTEM','2015-03-20 16:30:37','admin','2015-04-05 14:14:30',1,'outercss','','',1,'4028819d474d2dbc01474d2dcae00000',NULL,NULL),
('402868cf4c364e2d014c364e372d0007','SYSTEM','2015-03-20 16:30:37','admin','2015-04-06 14:15:55',2,'outercss','link','',2,'4028819d474d2dbc01474d2dccb4000e',NULL,'402868cf4c364e2d014c364e372c0006'),
('402868cf4c364e2d014c364e372f0008','SYSTEM','2015-03-20 16:30:37','admin','2015-04-06 14:16:08',2,'outercss','type','text/css',2,'4028819d474d2dbc01474d2dcc7a0002',NULL,'402868cf4c364e2d014c364e372c0006'),
('402868cf4c364e2d014c364e37300009','SYSTEM','2015-03-20 16:30:37','admin','2015-04-05 14:16:22',1,'innercss','','',1,'4028819d474d2dbc01474d2dcae00000',NULL,NULL),
('402868cf4c364e2d014c364e3731000a','SYSTEM','2015-03-20 16:30:37','admin','2015-04-06 14:16:27',2,'innercss','style','',2,'4028819d474d2dbc01474d2dccb4000e',NULL,'402868cf4c364e2d014c364e37300009'),
('402868cf4c364e2d014c364e3733000b','SYSTEM','2015-03-20 16:30:37','admin','2015-04-06 14:16:41',2,'innercss','type','text/css',2,'4028819d474d2dbc01474d2dcc7a0002',NULL,'402868cf4c364e2d014c364e37300009'),
('4028818d4c8753ef014c8829ece80001','admin','2015-04-05 13:59:51','admin','2015-04-05 13:59:51',0,'title','','',1,'4028819d474d2dbc01474d2dcc840004','4028818d4c8753ef014c8814ef250000',NULL),
('4028818d4c8753ef014c882dcf810002','admin','2015-04-05 14:04:05','admin','2015-04-05 14:04:05',0,'title','','',2,'4028819d474d2dbc01474d2dcae00000','4028818d4c8753ef014c8814ef250000','4028818d4c8753ef014c8829ece80001'),
('4028818d4c8753ef014c882ea0c40003','admin','2015-04-05 14:04:59','admin','2015-04-05 14:04:59',0,'title','a','',3,'4028819d474d2dbc01474d2dccb4000e','4028818d4c8753ef014c8814ef250000','4028818d4c8753ef014c882dcf810002'),
('4028818d4c8753ef014c882f2d4f0004','admin','2015-04-05 14:05:35','admin','2015-04-05 14:05:35',0,'title','','',3,'4028819d474d2dbc01474d2dcc840004','4028818d4c8753ef014c8814ef250000','4028818d4c8753ef014c882dcf810002'),
('4028818d4c8753ef014c883010d10005','admin','2015-04-05 14:06:33','admin','2015-04-05 14:06:33',0,'title','class','link_title',4,'4028819d474d2dbc01474d2dcc7a0002','4028818d4c8753ef014c8814ef250000','4028818d4c8753ef014c882f2d4f0004'),
('4028818d4c8753ef014c88324a4f0006','admin','2015-04-05 14:08:59','admin','2015-04-05 14:08:59',0,'content','id','article_content',1,'4028819d474d2dbc01474d2dcc7a0002','4028818d4c8753ef014c8814ef250000',NULL);
alter table `tbl_filter_detail` 
add CONSTRAINT `FK_8rbks35frlk90snfhx36xb8cj` FOREIGN KEY (`parent_node_id`) REFERENCES `tbl_filter_detail` (`id`);


INSERT INTO `tbl_sys_resource` VALUES 
('402868bf4c686614014c686622320000','SYSTEM','2015-03-30 09:57:46','SYSTEM','2015-03-30 09:57:46',0,'','Filter管理',0,'menu','',NULL),
('402868bf4c686614014c686622ee0001','SYSTEM','2015-03-30 09:57:46','SYSTEM','2015-03-30 09:57:46',0,'filter:view','Filter管理',0,'subMenu','filter/list','402868bf4c686614014c686622320000'),
('402868bf4c686614014c686622f90002','SYSTEM','2015-03-30 09:57:46','SYSTEM','2015-03-30 09:57:46',0,'filter:add','增加Filter',0,'button','filter/add','402868bf4c686614014c686622ee0001'),
('402868bf4c686614014c686623040003','SYSTEM','2015-03-30 09:57:46','SYSTEM','2015-03-30 09:57:46',0,'filter:edit','修改Filter',0,'button','filter/edit','402868bf4c686614014c686622ee0001'),
('402868bf4c686614014c686623100004','SYSTEM','2015-03-30 09:57:46','SYSTEM','2015-03-30 09:57:46',0,'filter:delete','删除Filter',0,'button','filter/delete','402868bf4c686614014c686622ee0001'),
('402868bf4c686614014c6866231e0005','SYSTEM','2015-03-30 09:57:46','SYSTEM','2015-03-30 09:57:46',0,'filter:view','查看Filter',0,'button','filter/view','402868bf4c686614014c686622ee0001'),
('402868bf4c686614014c686623290006','SYSTEM','2015-03-30 09:57:46','SYSTEM','2015-03-30 09:57:46',0,'filterRule:view','FilterRule管理',0,'subMenu','filterRule/list','402868bf4c686614014c686622320000'),
('402868bf4c686614014c6866233b0007','SYSTEM','2015-03-30 09:57:46','SYSTEM','2015-03-30 09:57:46',0,'filterRule:add','增加FilterRule',0,'button','filterRule/add','402868bf4c686614014c686623290006'),
('402868bf4c686614014c6866234b0008','SYSTEM','2015-03-30 09:57:46','SYSTEM','2015-03-30 09:57:46',0,'filterRule:edit','修改FilterRule',0,'button','filterRule/edit','402868bf4c686614014c686623290006'),
('402868bf4c686614014c686623560009','SYSTEM','2015-03-30 09:57:46','SYSTEM','2015-03-30 09:57:46',0,'filterRule:delete','删除FilterRule',0,'button','filterRule/delete','402868bf4c686614014c686623290006'),
('402868bf4c686614014c68662363000a','SYSTEM','2015-03-30 09:57:46','SYSTEM','2015-03-30 09:57:46',0,'filterRule:view','查看FilterRule',0,'button','filterRule/view','402868bf4c686614014c686623290006'),
('402868bf4c686614014c68662371000b','SYSTEM','2015-03-30 09:57:46','SYSTEM','2015-03-30 09:57:46',0,'filterDetail:view','FilterDetail管理',0,'subMenu','filterDetail/list','402868bf4c686614014c686622320000'),
('402868bf4c686614014c68662381000c','SYSTEM','2015-03-30 09:57:46','SYSTEM','2015-03-30 09:57:46',0,'filterDetail:add','增加FilterDetail',0,'button','filterDetail/add','402868bf4c686614014c68662371000b'),
('402868bf4c686614014c6866238f000d','SYSTEM','2015-03-30 09:57:46','SYSTEM','2015-03-30 09:57:46',0,'filterDetail:edit','修改FilterDetail',0,'button','filterDetail/edit','402868bf4c686614014c68662371000b'),
('402868bf4c686614014c686623a0000e','SYSTEM','2015-03-30 09:57:46','SYSTEM','2015-03-30 09:57:46',0,'filterDetail:delete','删除FilterDetail',0,'button','filterDetail/delete','402868bf4c686614014c68662371000b'),
('402868bf4c686614014c686623b9000f','SYSTEM','2015-03-30 09:57:46','SYSTEM','2015-03-30 09:57:46',0,'filterDetail:view','查看FilterDetail',0,'button','filterDetail/view','402868bf4c686614014c68662371000b'),
('402868bf4c686614014c686623ca0010','SYSTEM','2015-03-30 09:57:46','SYSTEM','2015-03-30 09:57:46',0,'','文章管理',0,'menu','',NULL),
('402868bf4c686614014c686623dd0011','SYSTEM','2015-03-30 09:57:46','SYSTEM','2015-03-30 09:57:46',0,'article:view','文章管理',0,'subMenu','article/list','402868bf4c686614014c686623ca0010'),
('402868bf4c686614014c686623ef0012','SYSTEM','2015-03-30 09:57:46','SYSTEM','2015-03-30 09:57:46',0,'article:add','增加文章',0,'button','article/add','402868bf4c686614014c686623dd0011'),
('402868bf4c686614014c686624010013','SYSTEM','2015-03-30 09:57:46','SYSTEM','2015-03-30 09:57:46',0,'article:edit','修改文章',0,'button','article/edit','402868bf4c686614014c686623dd0011'),
('402868bf4c686614014c686624170014','SYSTEM','2015-03-30 09:57:46','SYSTEM','2015-03-30 09:57:46',0,'article:delete','删除文章',0,'button','article/delete','402868bf4c686614014c686623dd0011'),
('402868bf4c686614014c6866242a0015','SYSTEM','2015-03-30 09:57:46','SYSTEM','2015-03-30 09:57:46',0,'article:view','查看文章',0,'button','article/view','402868bf4c686614014c686623dd0011'),
('402868bf4c686614014c686624470016','SYSTEM','2015-03-30 09:57:46','SYSTEM','2015-03-30 09:57:46',0,'articleEle:view','文章元素管理',0,'subMenu','articleEle/list','402868bf4c686614014c686623ca0010'),
('402868bf4c686614014c6866245a0017','SYSTEM','2015-03-30 09:57:46','SYSTEM','2015-03-30 09:57:46',0,'articleEle:add','增加文章元素',0,'button','articleEle/add','402868bf4c686614014c686624470016'),
('402868bf4c686614014c686624760018','SYSTEM','2015-03-30 09:57:46','SYSTEM','2015-03-30 09:57:46',0,'articleEle:edit','修改文章元素',0,'button','articleEle/edit','402868bf4c686614014c686624470016'),
('402868bf4c686614014c6866248b0019','SYSTEM','2015-03-30 09:57:46','SYSTEM','2015-03-30 09:57:46',0,'articleEle:delete','删除文章元素',0,'button','articleEle/delete','402868bf4c686614014c686624470016'),
('402868bf4c686614014c6866249d001a','SYSTEM','2015-03-30 09:57:46','SYSTEM','2015-03-30 09:57:46',0,'articleEle:view','查看文章元素',0,'button','articleEle/view','402868bf4c686614014c686624470016'),

('402868bf4c686614014c686624b6001b','SYSTEM','2015-03-30 09:57:46','SYSTEM','2015-03-30 09:57:46',0,'','任务管理',0,'menu','',NULL),
('402868bf4c686614014c686624ca001c','SYSTEM','2015-03-30 09:57:46','SYSTEM','2015-03-30 09:57:46',0,'articleTask:view','任务管理',0,'subMenu','articleTask/list','402868bf4c686614014c686624b6001b'),
('402868bf4c686614014c686624de001d','SYSTEM','2015-03-30 09:57:46','SYSTEM','2015-03-30 09:57:46',0,'articleTask:add','增加任务',0,'button','articleTask/add','402868bf4c686614014c686624ca001c'),
('402868bf4c686614014c686624f5001e','SYSTEM','2015-03-30 09:57:46','SYSTEM','2015-03-30 09:57:46',0,'articleTask:edit','修改任务',0,'button','articleTask/edit','402868bf4c686614014c686624ca001c'),
('402868bf4c686614014c6866250b001f','SYSTEM','2015-03-30 09:57:46','SYSTEM','2015-03-30 09:57:46',0,'articleTask:delete','删除任务',0,'button','articleTask/delete','402868bf4c686614014c686624ca001c'),
('402868bf4c686614014c686625210020','SYSTEM','2015-03-30 09:57:46','SYSTEM','2015-03-30 09:57:46',0,'articleTask:view','查看任务',0,'button','articleTask/view','402868bf4c686614014c686624ca001c'),
('402868bf4c686614014c686625320021','SYSTEM','2015-03-30 09:57:46','SYSTEM','2015-03-30 09:57:46',0,'batchTask:view','批量任务管理',0,'subMenu','batchTask/list','402868bf4c686614014c686624b6001b'),
('402868bf4c686614014c686625460022','SYSTEM','2015-03-30 09:57:46','SYSTEM','2015-03-30 09:57:46',0,'batchTask:add','增加批量任务',0,'button','batchTask/add','402868bf4c686614014c686625320021'),
('402868bf4c686614014c686625600023','SYSTEM','2015-03-30 09:57:46','SYSTEM','2015-03-30 09:57:46',0,'batchTask:edit','修改批量任务',0,'button','batchTask/edit','402868bf4c686614014c686625320021'),
('402868bf4c686614014c686625770024','SYSTEM','2015-03-30 09:57:46','SYSTEM','2015-03-30 09:57:46',0,'batchTask:delete','删除批量任务',0,'button','batchTask/delete','402868bf4c686614014c686625320021'),
('402868bf4c686614014c6866258e0025','SYSTEM','2015-03-30 09:57:47','SYSTEM','2015-03-30 09:57:47',0,'batchTask:view','查看批量任务',0,'button','batchTask/view','402868bf4c686614014c686625320021'),

('402868bf4c686614014c686624b60030','SYSTEM','2015-03-30 09:57:46','SYSTEM','2015-03-30 09:57:46',0,'','项目部署管理',0,'menu','',NULL),
('402868bf4c686614014c686624b60031','SYSTEM','2015-03-30 09:57:46','SYSTEM','2015-03-30 09:57:46',0,'deploy:view','部署管理',0,'subMenu','deploy/list','402868bf4c686614014c686624b60030'),
('402868bf4c686614014c686624b60032','SYSTEM','2015-03-30 09:57:46','SYSTEM','2015-03-30 09:57:46',0,'deploy:init','部署初始化',0,'button','deploy/init','402868bf4c686614014c686624b60031');


INSERT INTO `tbl_sys_role` VALUES 
('402868bf4c686614014c686625a80026','SYSTEM','2015-03-30 09:57:47','SYSTEM','2015-03-30 09:57:47',0,'admin','admin',0);

INSERT INTO `tbl_sys_role_res` VALUES 
('402868bf4c686614014c686625a80026','402868bf4c686614014c686622320000'),
('402868bf4c686614014c686625a80026','402868bf4c686614014c686622ee0001'),
('402868bf4c686614014c686625a80026','402868bf4c686614014c686622f90002'),
('402868bf4c686614014c686625a80026','402868bf4c686614014c686623040003'),
('402868bf4c686614014c686625a80026','402868bf4c686614014c686623100004'),
('402868bf4c686614014c686625a80026','402868bf4c686614014c6866231e0005'),
('402868bf4c686614014c686625a80026','402868bf4c686614014c686623290006'),
('402868bf4c686614014c686625a80026','402868bf4c686614014c6866233b0007'),
('402868bf4c686614014c686625a80026','402868bf4c686614014c6866234b0008'),
('402868bf4c686614014c686625a80026','402868bf4c686614014c686623560009'),
('402868bf4c686614014c686625a80026','402868bf4c686614014c68662363000a'),
('402868bf4c686614014c686625a80026','402868bf4c686614014c68662371000b'),
('402868bf4c686614014c686625a80026','402868bf4c686614014c68662381000c'),
('402868bf4c686614014c686625a80026','402868bf4c686614014c6866238f000d'),
('402868bf4c686614014c686625a80026','402868bf4c686614014c686623a0000e'),
('402868bf4c686614014c686625a80026','402868bf4c686614014c686623b9000f'),
('402868bf4c686614014c686625a80026','402868bf4c686614014c686623ca0010'),
('402868bf4c686614014c686625a80026','402868bf4c686614014c686623dd0011'),
('402868bf4c686614014c686625a80026','402868bf4c686614014c686623ef0012'),
('402868bf4c686614014c686625a80026','402868bf4c686614014c686624010013'),
('402868bf4c686614014c686625a80026','402868bf4c686614014c686624170014'),
('402868bf4c686614014c686625a80026','402868bf4c686614014c6866242a0015'),
('402868bf4c686614014c686625a80026','402868bf4c686614014c686624470016'),
('402868bf4c686614014c686625a80026','402868bf4c686614014c6866245a0017'),
('402868bf4c686614014c686625a80026','402868bf4c686614014c686624760018'),
('402868bf4c686614014c686625a80026','402868bf4c686614014c6866248b0019'),
('402868bf4c686614014c686625a80026','402868bf4c686614014c6866249d001a'),
('402868bf4c686614014c686625a80026','402868bf4c686614014c686624b6001b'),
('402868bf4c686614014c686625a80026','402868bf4c686614014c686624ca001c'),
('402868bf4c686614014c686625a80026','402868bf4c686614014c686624de001d'),
('402868bf4c686614014c686625a80026','402868bf4c686614014c686624f5001e'),
('402868bf4c686614014c686625a80026','402868bf4c686614014c6866250b001f'),
('402868bf4c686614014c686625a80026','402868bf4c686614014c686625210020'),
('402868bf4c686614014c686625a80026','402868bf4c686614014c686625320021'),
('402868bf4c686614014c686625a80026','402868bf4c686614014c686625460022'),
('402868bf4c686614014c686625a80026','402868bf4c686614014c686625600023'),
('402868bf4c686614014c686625a80026','402868bf4c686614014c686625770024'),
('402868bf4c686614014c686625a80026','402868bf4c686614014c6866258e0025'),
('402868bf4c686614014c686625a80026','402868bf4c686614014c686624b60030'),
('402868bf4c686614014c686625a80026','402868bf4c686614014c686624b60031'),
('402868bf4c686614014c686625a80026','402868bf4c686614014c686624b60032');



INSERT INTO `tbl_sys_user` VALUES 
('402868bf4c686614014c686626060027','SYSTEM','2015-03-30 09:57:47','SYSTEM','2015-03-30 09:57:47',0,'d0a6f32efdf3c1cddd719e74c5fbe9df','ca873c66f509878664004a750201e724',0,'admin');




INSERT INTO `tbl_sys_user_role` VALUES 
('402868bf4c686614014c686626060027','402868bf4c686614014c686625a80026');


